<?xml version="1.0"?>
<exporter>
    <name>cocos2d_v3</name>
    <displayName>Cocos2D (V3)</displayName>
    <description>Exporter for Cocos2D V3 (with integrated Chipmunk2D).</description>
    <version>1.0</version>
    <yAxisDirection>up</yAxisDirection>
    <physicsEngine>chipmunk</physicsEngine>
    <template>cocos2d-v3.plist</template>
    <fileExtension>plist</fileExtension>
    <anchorPoint>
        <enabled>yes</enabled>
        <relX>0.5</relX>
        <relY>0.5</relY>
    </anchorPoint>
    <origin>
        <type>fixed</type>
        <relX>0</relX>
        <relY>0</relY>
    </origin>
    <global>
        <parameter>
            <name>scale_factor</name>
            <displayName>Scale factor</displayName>
            <description>Set scale factor to 2 if you trace retina sprites</description>
            <type>float</type>
            <default>1.0</default>
        </parameter>
    </global>
    
    <!-- body settings ~~~~~~~~~~~~~~~~~~~~~~~~~~~~~~~~~~~~~~~~~~~~~~~~~~~~~~~~~~~~~~~ -->
    <body>
        <parameter>
            <name>is_static</name>
            <displayName>Static body</displayName>
            <description>A static body is immovable such as a wall or the ground.</description>
            <type>bool</type>
            <default>false</default>
		</parameter>
        <parameter>
            <name>affected_by_gravity</name>
            <displayName>Affected by gravity</displayName>
            <description>Affected by gravity flag.</description>
            <type>bool</type>
            <default>true</default>
		</parameter>
        <parameter>
            <name>allows_rotation</name>
            <displayName>Allows rotation</displayName>
            <description>Allow body rotation flag.</description>
            <type>bool</type>
            <default>true</default>
		</parameter>
    </body>

    <fixture>
        <!-- fixture physics settings ~~~~~~~~~~~~~~~~~~~~~~~~~~~~~~~~~~~~~~~~~~~~~~~~ -->
        <parameter>
            <name>mass</name>
            <displayName>Mass</displayName>
            <description>Mass of the physics shape.</description>
            <type>float</type>
            <default>1.0</default>
        </parameter>
        <parameter>
            <name>elasticity</name>
            <displayName>Elasticity</displayName>
            <description>Elasticity of the physics shape.</description>
            <type>float</type>
            <min>0</min>
            <max>1000</max>
            <default>0.2</default>
        </parameter>
        <parameter>
            <name>friction</name>
            <displayName>Friction</displayName>
            <description>Surface friction of the shape.</description>
            <type>float</type>
            <min>0</min>
            <max>1000</max>
            <default>0.7</default>
        </parameter>
        <parameter>
            <name>surface_velocity_x</name>
            <displayName>Surface velocity X</displayName>
            <description>Velocity of the surface of a shape relative to it’s normal velocity.</description>
            <type>float</type>
            <min>-1000</min>
            <max>1000</max>
            <default>0.0</default>
        </parameter>
        <parameter>
            <name>surface_velocity_y</name>
            <displayName>Surface velocity Y</displayName>
            <description>Velocity of the surface of a shape relative to it’s normal velocity.</description>
            <type>float</type>
            <min>-1000</min>
            <max>1000</max>
            <default>0.0</default>
        </parameter>
        <parameter>
            <name>corner_radius</name>
            <displayName>Corner Radius</displayName>
            <type>float</type>
            <min>-1000</min>
            <max>1000</max>
            <default>0.0</default>
        </parameter>
        <parameter>
            <name>is_polyline</name>
            <displayName>Is Polyline</displayName>
            <description>Creates a polyline body instead of a polygon.</description>
            <type>bool</type>
            <default>false</default>
        </parameter>

        <!-- fixture collision settings ~~~~~~~~~~~~~~~~~~~~~~~~~~~~~~~~~~~~~~~~~~~~~~ -->
        <parameter>
            <name>is_sensor</name>
            <displayName>Is Sensor</displayName>
            <description>A sensor will call a collision delegate but does not physically cause collisions between bodies.</description>
            <type>bool</type>
            <default>false</default>
        </parameter>
        <parameter>
            <name>collision_type</name>
            <displayName>Collision type</displayName>
            <description>A string that identifies the collision pair delegate method that should be called.</description>
            <type>string</type>
        </parameter>
        <parameter>
            <name>collision_group</name>
            <displayName>Collision group</displayName>
            <description>If two physics bodies share the same group id, they don’t collide.</description>
            <type>string</type>
        </parameter>
        <parameter>
            <name>collision_bitfield</name>
            <type>bitfield</type>
            <size>32</size>
        </parameter>
        <parameter>
            <name>collision_categories</name>
            <displayName>Categories</displayName>
            <description>An array of category names of which this shape is a member.</description>
            <type>uint</type>
            <default>0</default>
            <bitfield>yes</bitfield>
        </parameter>
        <parameter>
            <name>collision_mask</name>
            <displayName>Mask</displayName>
            <description>An array of category names that this shape wants to collide with.</description>
            <type>uint</type>
            <default>0</default>
            <bitfield>yes</bitfield>
        </parameter>

	</fixture>
</exporter>
